{
    "XGBoost": {
        "RMSE": 159.390789659017,
        "MAE": 84.74691772460938,
        "MSE": 25405.423828125,
        "R2_Score": 0.9352870583534241
    }
}